<?xml version="1.0" encoding="UTF-8" ?>
<configuration scan="true" scanPeriod="3 seconds">
	<contextName>brainstorm2017wa2</contextName>

	<appender name="STDOUT" class="ch.qos.logback.core.ConsoleAppender">
		<encoder>
			<pattern>
				%d{yyyy-MM-dd HH:mm:ss.SSS} [%thread] %-5level %logger{32} - %msg%n
			</pattern>
		</encoder>
	</appender>

	<jmxConfigurator />
	<root level="WARN">
		<appender-ref ref="STDOUT" />
	</root>

	<logger name="be.odisee.brainstorm2017wa2" level="ALL" />
</configuration>
